preschool,ra_id,participant_id,age,sex,trial_1,trial_2,trial_3,trial_4,trial_5,trial_6,trial_7,trial_8,trial_9,peanuts_allowed,peanuts_attitude
sunrise,loid,LD,39,male,no,yes,no,yes,yes,yes,yes,yes,yes,,1
sunrise,loid,eTHZXr,61,F,yes,yes,no,yes,yes,yeS,yes,no,no,,4
sunrise,loid ,NB2mh,64,female,YEs,yes,no,no,no,yes,no,nO,yes,,1
sunrise,loid,ip67,50,M,yes,no,no,no,yes ,yes,yes,yes,no,,6
sunrise,loid,jVkaOZW,50.6,M,yes,yes,yes,yes,no,yes,no,yes,no,,4
twilight,Loid,VKtnYq,64,Male,no,no,yes,no,no,yes,no,yes,yes,no,4
twilight,loid,7bq0hHo,50,F,yes,no,yes,yes,no,yes,yes,no,no,no,4
twilight,loid,hlVFG,39.1,M,no,no,no,yes,no,no,yes,no,no,no,5
twilight,loid,r36h,41,M,yes,no,yes,yes,Yes,no,yes,no,no,no,1
twilight,loid,VY,36,M,no,yes,no,yes,yes,no,no,no,no,no,6
